https://youtu.be/L1CcSClcq_o,16438333193024
https://youtu.be/1ndXZQqUtik,16444899843145
https://youtu.be/4jCnThJ_y8c,1644921209179
https://youtu.be/BULO68iDVQ4,16449152632059
https://youtu.be/UK05a6GNb8k,16449145852059
https://youtu.be/qzc5pOTw6jU,16449143082059
https://youtu.be/3fVvTsTW-M0,16449107732059
https://youtu.be/E-FJgL-7aWQ,16456270213816
https://youtu.be/el1fqHuV57w,1647553800974
https://youtu.be/72wbRhJt4tE,16456259443816
https://youtu.be/HCnO2yJlRPw,16464134463934
https://youtu.be/_ulGo65gDhs,1647251507244
https://youtu.be/ipdQcbuNNLQ,16476182061036
https://youtu.be/yQKdCF7JGQc,16476197381036
https://youtu.be/MoQfViKsxrw,16476198931036
https://youtu.be/5Uflac4mEL4,1645641169360
https://youtu.be/LBgScWqZVVg,1645642451360
https://youtu.be/AK6CoWwChjc,164564578789
https://youtu.be/ZPdObx9_2bk,16456614151657
https://youtu.be/WTABZbou_S8,1645737974931
https://youtu.be/Wx31bgQQAR4,16472423063960
https://youtu.be/Boih6RtRo0A,16490128583934
https://youtu.be/WPHnnXfyfwM,16464140503934
https://youtu.be/GpidExS2hfU,1647253271801
https://youtu.be/v13gLyG1-Po,1645872211964
https://youtu.be/b36hxGYMLE0,1645736732931
https://youtu.be/SEsLvZHZIz8,16458019271013
https://youtu.be/9SI9eWIxxYU,16471932971013
https://youtu.be/bgO7mMWK04I,16458006621013
https://youtu.be/TCRwY4u4Pms,1647252937244
https://youtu.be/IH7OuH4UG18,1647251914244
https://youtu.be/eBgj7UJR7XE,1642703516976
https://youtu.be/TtvyoVAfkGQ,164577982539
https://youtu.be/ap2TvfkwCe4,1640928615990
https://youtu.be/lvRk8avNYR8,16458012961013
https://youtu.be/VWlOp6-iSLM,16427544441209
https://youtu.be/T-kJMOyYz6M,16453732921043
https://youtu.be/Zuln_-HXX04,16435631042810
https://youtu.be/e-5Yl4pFzzc,1641924187119
https://youtu.be/hTKtJhcFSsc,1641978136119
https://youtu.be/aaHohTnqVmQ,1643817599990
https://youtu.be/d0oUI-6KaC4,1644243514924
https://youtu.be/eXfnyREq2o4,1647525796924
https://youtu.be/dv5sjkAJEO0,1645628629924
https://youtu.be/OSD9CSLi1P8,16458140553841
https://youtu.be/CzJ8Rs7Z0Lo,1645727539924
https://youtu.be/k7cSUoFmcWE,1645103484924
https://youtu.be/2WQaeSMwc6M,1645282272990
https://youtu.be/ly6dYkMtEG4,16383602982195
https://youtu.be/europZ1_wpY,1638646659994
https://youtu.be/CIzjwnRIqHA,16464137153934
https://youtu.be/nXrCtiI7jlY,1646075829770
https://youtu.be/vlrYU_jSVD8,1645722954389
https://youtu.be/ObyvixOzAVE,1645722329389
https://youtu.be/gb-zAQTiEQ0,1647536660633
https://youtu.be/Z0Xjl4nCy5Y,1647637664419
https://youtu.be/0CqcS259Y-U,16476337991008
https://youtu.be/WmefLOW3Dms,1641970682293
https://youtu.be/UEB7nJt9DcU,16458009161013
https://youtu.be/DDHpTPdTiDs,1642258243304
https://youtu.be/S4TgKWebuFQ,16395598322337
https://youtu.be/5t2Yhiw7xJg,16459896331263
https://youtu.be/UwR7GWuSdso,1647109130994
https://youtu.be/Thh8MRHpqzI,1641976076119
https://youtu.be/hvSeqsixpLI,1645564769360
https://youtu.be/98O5Xm5Mobo,16399299061008
https://youtu.be/uLEeQ_ftWjk,16399301551008
https://youtu.be/oXsbFThWIaM,1641976837119
https://youtu.be/IbAG4ZftmfI,16432929302926
https://youtu.be/pw9h_JPxREw,1642256365304
https://youtu.be/BiQB1zD2ij8,1642257066304
https://youtu.be/MZ_bzAjYW04,1642257441304
https://youtu.be/FSAEkkdI-JA,16428616051026
https://youtu.be/jPV2qDNymCI,1642870304976
https://youtu.be/QLgUouPkZuU,1642870057976
https://youtu.be/AXWkrPKvJfY,16442551461263
https://youtu.be/W87ISJnLn0U,1648715881119
https://youtu.be/cYdOGDRnCOY,16464146283934
https://youtu.be/dsarhEHVlu4,1645724357389
https://youtu.be/1brLXFN4xjo,1645994570320
https://youtu.be/jvKnFQdgCbI,1644943036185
https://youtu.be/LaQ0O6izrq4,16490126283934
https://youtu.be/-PE6E42iVj0,1646924022628
https://youtu.be/YbZ8NDU987M,16464144773934
https://youtu.be/Bvk6DBy2stQ,1646042923982
https://youtu.be/DfsltbAE4y8,1642257066304
https://youtu.be/tB6oiyfr4Q4,16470025231039
https://youtu.be/HaRsEqOyjuY,1645866163304
https://youtu.be/8GfT5Ny3JBU,16391010612377
https://youtu.be/VdF9Chdg0Xg,1640070100502
https://youtu.be/4e1pjMlA1Z8,16458059673853
https://youtu.be/6VlynuZZCC4,1641967345293
https://youtu.be/6tZNKZo1_iw,1641965510293
https://youtu.be/ZTJ-xTBhK_E,1648034378132
https://youtu.be/4PWyhbS3W6E,16439083493086
https://youtu.be/QfapCVzzJK8,1648034643132
https://youtu.be/nauxHatpTs0,1645695231563
https://youtu.be/i9Yi9cm41TU,16459696433878
https://youtu.be/4RTkEJxl9PI,1646041495986
https://youtu.be/F6CBxT5QHe8,1646041409986
https://youtu.be/7SKg-vNwkDE,16459508693867
https://youtu.be/Ho4bMJC4Mko,1646012497986
https://youtu.be/4WDokRL-Ppo,1646011066986
https://youtu.be/LH7AnM55n_M,1646006120986
https://youtu.be/eNa5SySbS68,16464225173360
https://youtu.be/ZrhZlHYGWrU,16455484863515
https://youtu.be/LmXTE56Alys,16458264252749
https://youtu.be/4Q7mx8t8qZA,16458280622749
https://youtu.be/ASnERdvvkZ0,1647512139991
https://youtu.be/xkOasg0p7GA,1647511700991
https://youtu.be/FSjBli2Uets,16460738813538
https://youtu.be/PiGy9dnPmz4,16372230512087
https://youtu.be/K-c9To1QhDI,16401656492470
https://youtu.be/Ulvz8R4Xp3Y,16419902382609
https://youtu.be/aaHohTnqVmQ,1643817599990
https://youtu.be/LNhTIicSWxI,16419939022609
https://youtu.be/mjrP0e7qYiM,16426258672788
https://youtu.be/lj9adH1_T2E,16427865282754
https://youtu.be/MfvFwfJXxD8,16428664362754
https://youtu.be/k1okDr3R48E,16433565832828
https://youtu.be/sdfSstejroQ,16433563832828
https://youtu.be/G4Ro6OFUwQw,16431066822874
https://youtu.be/V1pMdw690uU,16438091562763
https://youtu.be/ys9wHrSScBc,16449182253722
https://youtu.be/iF5D_GXvXPo,16449172703722
https://youtu.be/CYzXpRh8v0E,1648020217132
https://youtu.be/Ejhz_SzIX7U,1648818821119
https://youtu.be/EvfMd8GIKXs,1644227694946
https://youtu.be/xrB_X6eU7sY,16418423442234
https://youtu.be/PeeUhwXy5Kg,16456257341598
https://youtu.be/Y8BIwO5xS18,16401055552408
https://youtu.be/GuIUs8_c3qM,1641898917179
https://youtu.be/ni345WOk0aA,16428782082844
https://youtu.be/lohQkqz8-x4,16456254411598
https://youtu.be/GIkgWNoitZs,1641922670119
https://youtu.be/-u0Va5mGuU8,16391413372382
https://youtu.be/vRqOe6xlNV4,1640097093571
https://youtu.be/zsYHL769Tsk,1640098948571
https://youtu.be/QFEh0TeG7HA,1641898753179
https://youtu.be/Y1C9ZaXP8OA,1641973145293
https://youtu.be/n463NGStqho,1646923871628
https://youtu.be/RXlNPXPJv90,16388011731816
https://youtu.be/4fmGVpSqdso,1641922382119
https://youtu.be/gGXLGUUkDVE,16428730332754
https://youtu.be/kcjIKk1BLkw,16434815831101
https://youtu.be/VYwjceotqJc,16432834322926
https://youtu.be/52xy0kfHyGI,16436520682754
https://youtu.be/hFrbsX99yoQ,16437449102202
https://youtu.be/fSLPjL9v7JE,16444362443354
https://youtu.be/SX0o1s9rctA,16444187783352
https://youtu.be/qIW57rtd2tQ,1646041952982
https://youtu.be/WcawQK6DT98,16456554893833
https://youtu.be/ETpc4HcQwx8,16457991271013
https://youtu.be/fx0UMgHd0fY,16457605093716
https://youtu.be/kpgavU6YsC4,16460475613900
https://youtu.be/g1SxVdfCPOY,1645898795938
https://youtu.be/5n8RkcuuhBs,1646028682982
https://youtu.be/_5bH9N2ZgJQ,1646012851986
https://youtu.be/YmY6HLoLD4A,16464152453934
https://youtu.be/FNT6ONMl_So,16464149293934
https://youtu.be/CuIb3sL72zY,16464160073934
https://youtu.be/W_-IIAXvLCw,16464153933934
https://youtu.be/7RlN3YPXj9Q,1647457804388
https://youtu.be/nPpglafUI8k,1646041413982
https://youtu.be/hsK2Fep43xE,1646038957982
https://youtu.be/iU8b0_eTExY,1645989745308
https://youtu.be/FhsEzj2SnrM,16475505423816
https://youtu.be/ZsCNqmbTFlM,16460799603912
https://youtu.be/8Wa4vad9Svo,16459798863456
https://youtu.be/rAGLVKqH5Rs,1640281640939
https://youtu.be/8N0d3ZzleyI,16459964573890
https://youtu.be/5FebI29cVIc,1645895658938
https://youtu.be/tqEopZZ_yYM,1637422989319
https://youtu.be/KvUz51HD75Q,16381126912257
https://youtu.be/g3sDVhusAsE,1643565401119
https://youtu.be/MIWVK9h5OcA,16458032711013
https://youtu.be/HYIsOgvJhvU,1645732096931
https://youtu.be/ts79WQHIpu4,16459966393890
https://youtu.be/WS-Mz1b4yVE,1646009063986
https://youtu.be/iHX8OzaPOr8,1646006022986
https://youtu.be/4CRNdKMSFio,1645956455965
https://youtu.be/vMOdHvF-r3c,16474419993974
https://youtu.be/vfUPEr2bePo,1647100740974
https://youtu.be/ooz72IGnC5g,1645982271973
https://youtu.be/ov1Clcp_0v0,1645956388965
https://youtu.be/J9rg8SFD-eU,1647127405979
https://youtu.be/ENb2ce9AM-k,16408028481386
https://youtu.be/XUahhVf3doQ,1644992951787
https://youtu.be/D_5ISlA1F_c,16460753233908
https://youtu.be/7WUT827ZgGA,1645972090930
